Age,Favorite Letter,Percent
78,A,0.083640944
22,F,0.728786523
33,C,0.02112226
69,D,0.950073121
56,E,0.496386862
21,A,0.403415812
85,B,0.706881643
9,C,0.841850192
18,G,0.174291965
22,G,0.801644916
83,H,0.148576412
41,B,0.35651414
27,C,0.595977543
97,D,0.148940612
67,E,0.315406956
60,A,0.563649207
12,B,0.474154769
23,C,0.305909927
25,D,0.678084319
